<?xml version="1.0" encoding="iso-8859-1"?>
<contentSection>
  <translationsTopParagraph>
    <it>
I nostri servizi di traduzione e revisione dall'italiano all'inglese coprono una vasta gamma di aree di interesse. Offriamo una combinazione ineguagliabile di prezzi competitivi e traduzioni di alta qualit�.
    </it>
    <en>
Our translation and proofreading services from Italian to English cover a wide range of focus areas.
We offer an unrivaled combination of competitively priced, high quality translations.
    </en>
  </translationsTopParagraph>
  <translationsAreasOfExpertese>
    <it>
Aree di specializzazione:
    </it>
    <en>
Areas of Expertese:
    </en>
  </translationsAreasOfExpertese>
  <translationsAreasLI1>
    <it>
Opere letterarie.
    </it>
    <en>
Literary Works.
    </en>
  </translationsAreasLI1>
  <translationsAreasLI2>
    <it>
Storie brevi.
    </it>
    <en>
Short Stories.
    </en>
  </translationsAreasLI2>
  <translationsAreasLI3>
    <it>
Storie per bambini.
    </it>
    <en>
Children's Stories.
    </en>
  </translationsAreasLI3>
  <translationsAreasLI4>
    <it>
Documenti academici.
    </it>
    <en>
Academic Papers.
    </en>
  </translationsAreasLI4>
  <translationsAreasLI5>
    <it>
Medicina.
    </it>
    <en>
Medical.
    </en>
  </translationsAreasLI5>
  <translationsAreasLI6>
    <it>
Odontoiatria.
    </it>
    <en>
Dental.
    </en>
  </translationsAreasLI6>
  <translationsAreasLI7>
    <it>
Informatica.
    </it>
    <en>
Information Technology.
    </en>
  </translationsAreasLI7>
  <translationsAreasLI8>
    <it>
Ingenieria.
    </it>
    <en>
Engineering.
    </en>
  </translationsAreasLI8>
  <translationsAreasLI9>
    <it>
Chimica.
    </it>
    <en>
Chemistry.
    </en>
  </translationsAreasLI9>
  <translationsAreasLI10>
    <it>
Matematica.
    </it>
    <en>
Mathematics.
    </en>
  </translationsAreasLI10>
  <translationsAreasLI11>
    <it>
Fisica.
    </it>
    <en>
Physics.
    </en>
  </translationsAreasLI11>
  <translationsAreasLI12>
    <it>
Finanza.
    </it>
    <en>
Finance.
    </en>
  </translationsAreasLI12>
  <translationsAreasLI13>
    <it>
Economia.
    </it>
    <en>
Economics.
    </en>
  </translationsAreasLI13>
  <translationsAreasLI14>
    <it>
Commercio.
    </it>
    <en>
Commerce.
    </en>
  </translationsAreasLI14>
  <translationsAreasLI15>
    <it>
Brevetti.
    </it>
    <en>
Patents.
    </en>
  </translationsAreasLI15>
  <translationsAreasLI16>
    <it>
Siti web.
    </it>
    <en>
Websites.
    </en>
  </translationsAreasLI16>
  <translationsAreasLI17>
    <it>
Localizzazione software.
    </it>
    <en>
Software Localization.
    </en>
  </translationsAreasLI17>
  <translationsAreasLI18>
    <it>
Guide utente.
    </it>
    <en>
User Guides.
    </en>
  </translationsAreasLI18>
  <translationsAreasLI19>
    <it>
Cataloghi.
    </it>
    <en>
Catalogues.
    </en>
  </translationsAreasLI19>
  <translationsAreasLI20>
    <it>
Riviste.
    </it>
    <en>
Magazines.
    </en>
  </translationsAreasLI20>
  <translationsAreasLI21>
    <it>
Moda.
    </it>
    <en>
Fashion.
    </en>
  </translationsAreasLI21>
  <translationsAreasLI22>
    <it>
Correzioni di bozze.
    </it>
    <en>
Proofreading.
    </en>
  </translationsAreasLI22>
  <translationsAreasLI23>
    <it>
Trascrizioni Audio.
    </it>
    <en>
Audio Transcriptions.
    </en>
  </translationsAreasLI23>
  <translationsHowToContact>
    <it>
Come contattarci:
    </it>
    <en>
How to contact us:
    </en>
  </translationsHowToContact>
  <translationsStepLI1>
    <it>
Invia un documento.
    </it>
    <en>
Send us a document.
    </en>
  </translationsStepLI1>
  <translationsStepLI2>
    <it>
Ricevi un preventivo.
    </it>
    <en>
Get a quote.
    </en>
  </translationsStepLI2>
  <translationsStepLI3>
    <it>
Concorda i termini di consegna e pagamento.
    </it>
    <en>
Agree on terms of delivery and payment.
    </en>
  </translationsStepLI3>
  <translationsStepLI4>
    <it>
Ricevi la traduzione.
    </it>
    <en>
Receive your translation.
    </en>
  </translationsStepLI4>
</contentSection>
