<?xml version="1.0" encoding="iso-8859-1"?>
<contentSection>
  <langtrainTopParagraph>
    <it>
Offriamo i seguenti servizi didattici nel settore linguistico:
    </it>
    <en>
We offer the following educational language services:
    </en>
  </langtrainTopParagraph>
  <langtrainLIH1>
    <it>
Corsi di lingue per centri di formazione e aziende.
    </it>
    <en>
Language courses for training centers and companies.
    </en>
  </langtrainLIH1>
  <langtrainLIP1>
    <it>
Siamo disponibili a collaborare con centri di formazione e aziende sul territorio coordinando la didattica di corsi finanziati da istituzioni.
    </it>
    <en>
We are available to collaborate with local training centers and companies.
    </en>
  </langtrainLIP1>
  <langtrainLIH2>
    <it>
Lezioni individuali.
    </it>
    <en>
Private lessons.
    </en>
  </langtrainLIH2>
  <langtrainLIP2>
    <it>
Organizziamo lezioni individuali di lingua per studenti di ogni livello tramite programmi e orari personalizzati e flessibili.
    </it>
    <en>
We offer private lessons to language students at all levels through flexible and presonalized training schedules.
    </en>
  </langtrainLIP2>
  <langtrainLIH3>
    <it>
Lezioni online.
    </it>
    <en>
Online lessons.
    </en>
  </langtrainLIH3>
  <langtrainLIP3>
    <it>
Offriamo lezioni online tramite le quali potrete praticare ed approfondire il vostro livello di Inglese.
    </it>
    <en>
We offer online classes through which you can practice and increase your knowledge of Italian.
    </en>
  </langtrainLIP3>
</contentSection>
